{
    "MOD_ARMOR": [
        4,
        0
    ],
    "MOD_BRAKES": [
        2,
        0
    ],
    "MOD_ENGINE": [
        3,
        0
    ],
    "MOD_EXHAUST": [
        4,
        0
    ],
    "MOD_FENDER": [
        1,
        0
    ],
    "MOD_FRONTWHEEL": [
        18,
        0
    ],
    "MOD_GRILLE": [
        5,
        0
    ],
    "MOD_HORNS": [
        10,
        0
    ],
    "MOD_LIVERY": [
        9,
        0
    ],
    "MOD_ROOF": [
        6,
        0
    ],
    "MOD_SIDESKIRT": [
        11,
        0
    ],
    "MOD_SPOILERS": [
        23,
        0
    ],
    "MOD_TIRESMOKE": "TOGGLE",
    "MOD_TRANSMISSION": [
        2,
        0
    ],
    "MOD_TURBO": "TOGGLE",
    "MOD_XENONHEADLIGHTS": "TOGGLE",
    "clan_logo": 0,
    "dash_color": 0,
    "drift_tires": 0,
    "has_collision": true,
    "headlight_color": 11,
    "interior_color": 1,
    "is_visible": true,
    "model_attachments": [],
    "neon_color": [
        255,
        1,
        1
    ],
    "neon_lights": [
        true,
        true,
        true,
        true
    ],
    "pearlescent_color": 0,
    "plate_text": "KRZMENU",
    "plate_text_index": 1,
    "primary_color": 39,
    "radio_station": "OFF",
    "secondary_color": 0,
    "tire_can_burst": 0,
    "tire_smoke_color": [
        255,
        255,
        255
    ],
    "vehicle_attachments": [],
    "vehicle_extras": [
        [
            1,
            true
        ]
    ],
    "vehicle_model_hash": 1323778901,
    "vehicle_window_tint": 1,
    "wheel_color": 0,
    "wheel_type": 7
}