{
    "MOD_ARMOR": [
        4,
        0
    ],
    "MOD_BRAKES": [
        2,
        0
    ],
    "MOD_ENGINE": [
        3,
        0
    ],
    "MOD_EXHAUST": [
        7,
        0
    ],
    "MOD_FRAME": [
        3,
        0
    ],
    "MOD_FRONTBUMPER": [
        4,
        0
    ],
    "MOD_FRONTWHEEL": [
        14,
        0
    ],
    "MOD_GRILLE": [
        6,
        0
    ],
    "MOD_HOOD": [
        12,
        0
    ],
    "MOD_LIVERY": [
        6,
        0
    ],
    "MOD_REARBUMPER": [
        13,
        0
    ],
    "MOD_RIGHTFENDER": [
        1,
        0
    ],
    "MOD_ROOF": [
        4,
        0
    ],
    "MOD_SIDESKIRT": [
        8,
        0
    ],
    "MOD_SPOILERS": [
        19,
        0
    ],
    "MOD_SUSPENSION": [
        1,
        0
    ],
    "MOD_TRANSMISSION": [
        2,
        0
    ],
    "MOD_TURBO": "TOGGLE",
    "MOD_XENONHEADLIGHTS": "TOGGLE",
    "clan_logo": 0,
    "dash_color": 0,
    "drift_tires": 0,
    "has_collision": true,
    "headlight_color": 255,
    "interior_color": 112,
    "is_visible": true,
    "model_attachments": [],
    "neon_color": [
        255,
        150,
        5
    ],
    "neon_lights": [
        true,
        true,
        true,
        true
    ],
    "pearlescent_color": 28,
    "plate_text": "KRZMENU",
    "plate_text_index": 1,
    "primary_color": 29,
    "radio_station": "RADIO_18_90S_ROCK",
    "secondary_color": 91,
    "tire_can_burst": 0,
    "vehicle_attachments": [],
    "vehicle_extras": [],
    "vehicle_model_hash": 3145241962,
    "vehicle_window_tint": 1,
    "wheel_color": 0,
    "wheel_type": 11
}