{
    "MOD_AERIALS": [
        0,
        0
    ],
    "MOD_ARMOR": [
        4,
        0
    ],
    "MOD_BRAKES": [
        2,
        0
    ],
    "MOD_ENGINE": [
        3,
        0
    ],
    "MOD_FRAME": [
        2,
        0
    ],
    "MOD_FRONTBUMPER": [
        0,
        0
    ],
    "MOD_GRILLE": [
        0,
        0
    ],
    "MOD_REARBUMPER": [
        0,
        0
    ],
    "MOD_RIGHTFENDER": [
        0,
        0
    ],
    "MOD_ROOF": [
        0,
        0
    ],
    "MOD_SIDESKIRT": [
        0,
        0
    ],
    "MOD_SPOILERS": [
        0,
        0
    ],
    "MOD_SUSPENSION": [
        3,
        0
    ],
    "MOD_TIRESMOKE": "TOGGLE",
    "MOD_TRANSMISSION": [
        2,
        0
    ],
    "MOD_TRIM": [
        2,
        0
    ],
    "MOD_TURBO": "TOGGLE",
    "MOD_WINDOWS": [
        0,
        0
    ],
    "clan_logo": 0,
    "dash_color": 0,
    "drift_tires": 0,
    "has_collision": true,
    "headlight_color": 255,
    "interior_color": 0,
    "is_visible": true,
    "model_attachments": [],
    "neon_color": [
        0,
        0,
        0
    ],
    "neon_lights": [
        false,
        false,
        false,
        false
    ],
    "pearlescent_color": 10,
    "plate_text": "SHELBY",
    "plate_text_index": 1,
    "primary_color": 0,
    "radio_station": "RADIO_12_REGGAE",
    "secondary_color": 0,
    "tire_can_burst": 0,
    "tire_smoke_color": [
        20,
        20,
        20
    ],
    "vehicle_attachments": [],
    "vehicle_extras": [],
    "vehicle_model_hash": 3692679425,
    "vehicle_window_tint": 0,
    "wheel_color": 156,
    "wheel_type": 2
}