{"177297272":{"block_join":false,"block_join_reason":1,"command_access_level":null,"custom_infraction_reason":"","infractions":[14],"is_modder":true,"is_trusted":false,"join_redirect":false,"join_redirect_preference":1,"name":"Hesitant-","notes":"","notify_online":false,"rockstar_id":177297272},"251311981":{"block_join":false,"block_join_reason":1,"command_access_level":null,"custom_infraction_reason":"","infractions":[0],"is_modder":true,"is_trusted":false,"join_redirect":false,"join_redirect_preference":1,"name":"snowybearie","notes":"","notify_online":false,"rockstar_id":251311981},"264591696":{"block_join":false,"block_join_reason":1,"command_access_level":null,"custom_infraction_reason":"","infractions":[8],"is_modder":true,"is_trusted":false,"join_redirect":false,"join_redirect_preference":1,"name":"anzuxi2643_","notes":"","notify_online":false,"rockstar_id":264591696},"270875136":{"block_join":false,"block_join_reason":1,"command_access_level":null,"custom_infraction_reason":"","infractions":[0],"is_modder":true,"is_trusted":false,"join_redirect":false,"join_redirect_preference":1,"name":"17mbps","notes":"","notify_online":false,"rockstar_id":270875136},"270974124":{"block_join":false,"block_join_reason":1,"command_access_level":null,"custom_infraction_reason":"","infractions":[14],"is_modder":true,"is_trusted":false,"join_redirect":false,"join_redirect_preference":1,"name":"liljj9785","notes":"","notify_online":false,"rockstar_id":270974124}}