{
    "blend_data": {
        "is_parent": 1,
        "shape_first_id": 31,
        "shape_mix": 0.04941176250576973,
        "shape_second_id": 42,
        "shape_third_id": 0,
        "skin_first_id": 31,
        "skin_mix": 0.99647057056427,
        "skin_second_id": 42,
        "skin_third_id": 0,
        "third_mix": 0.0
    },
    "components": {
        "0": {
            "drawable_id": 0,
            "texture_id": 0
        },
        "1": {
            "drawable_id": 0,
            "texture_id": 0
        },
        "10": {
            "drawable_id": 0,
            "texture_id": 0
        },
        "11": {
            "drawable_id": 416,
            "texture_id": 0
        },
        "2": {
            "drawable_id": 48,
            "texture_id": 0
        },
        "3": {
            "drawable_id": 11,
            "texture_id": 0
        },
        "4": {
            "drawable_id": 15,
            "texture_id": 0
        },
        "5": {
            "drawable_id": 0,
            "texture_id": 0
        },
        "6": {
            "drawable_id": 33,
            "texture_id": 1
        },
        "7": {
            "drawable_id": 131,
            "texture_id": 1
        },
        "8": {
            "drawable_id": 3,
            "texture_id": 0
        },
        "9": {
            "drawable_id": 0,
            "texture_id": 0
        }
    },
    "model": 2627665880,
    "props": {
        "0": {
            "drawable_id": -1,
            "texture_id": -1
        },
        "1": {
            "drawable_id": -1,
            "texture_id": -1
        },
        "2": {
            "drawable_id": 20,
            "texture_id": 0
        },
        "6": {
            "drawable_id": -1,
            "texture_id": -1
        },
        "7": {
            "drawable_id": -1,
            "texture_id": -1
        }
    }
}
