{
    "blend_data": {
        "is_parent": 1,
        "shape_first_id": 31,
        "shape_mix": 0.4158823490142822,
        "shape_second_id": 0,
        "shape_third_id": 0,
        "skin_first_id": 31,
        "skin_mix": 0.3047058880329132,
        "skin_second_id": 0,
        "skin_third_id": 0,
        "third_mix": 0.0
    },
    "components": {
        "0": {
            "drawable_id": 0,
            "texture_id": 0
        },
        "1": {
            "drawable_id": 0,
            "texture_id": 0
        },
        "10": {
            "drawable_id": 0,
            "texture_id": 0
        },
        "11": {
            "drawable_id": 178,
            "texture_id": 3
        },
        "2": {
            "drawable_id": 80,
            "texture_id": 0
        },
        "3": {
            "drawable_id": 17,
            "texture_id": 0
        },
        "4": {
            "drawable_id": 77,
            "texture_id": 3
        },
        "5": {
            "drawable_id": 0,
            "texture_id": 0
        },
        "6": {
            "drawable_id": 55,
            "texture_id": 3
        },
        "7": {
            "drawable_id": 0,
            "texture_id": 0
        },
        "8": {
            "drawable_id": 15,
            "texture_id": 0
        },
        "9": {
            "drawable_id": 0,
            "texture_id": 0
        }
    },
    "model": 1885233650,
    "props": {
        "0": {
            "drawable_id": -1,
            "texture_id": -1
        },
        "1": {
            "drawable_id": -1,
            "texture_id": -1
        },
        "2": {
            "drawable_id": -1,
            "texture_id": -1
        },
        "6": {
            "drawable_id": -1,
            "texture_id": -1
        },
        "7": {
            "drawable_id": -1,
            "texture_id": -1
        }
    }
}
